file,fourier_freq_hz,fourier_amp,ssa_freq_hz,ssa_amp
d0001,1.29,58002.41492466656,1.29,29275.86138828652
d0002,1.35,70480.66968953177,1.35,36371.03699155053
d0003,1.32,68291.92341160445,1.32,33531.6462250949
d0004,1.26,86818.46846849899,1.26,44352.02346990086
d0005,1.23,81687.93134481362,1.23,41915.800361426525
d0006,1.22,120323.94785782945,1.22,60629.056923752985
d0007,1.41,120901.26473825447,1.41,59684.47878195531
d0008,1.26,437757.9641025736,1.26,223692.99870309152
d0009,1.25,114317.01599793574,1.25,57899.23364174603
d0010,1.78,215037.44912176675,1.78,108089.5541190331
d0011,1.33,68424.12513360052,1.33,33943.342321164244
d0012,1.36,129543.70049344309,1.36,65894.95039799916
d0013,1.26,167506.0212742932,1.26,85956.19363971555
d0014,1.29,130853.68330232777,1.29,62789.240886545645
d0015,1.31,83765.54611460648,1.31,39508.46086136674
d0016,1.28,131119.59064945154,1.28,66523.20745406006
d0017,0.01,17741811.78679125,0.01,18675440.540600963
d1000,1.21,216690.58973426465,1.21,108159.42550455622
d1001,1.2,203364.24010172387,1.2,99734.09890276431
d1002,1.2,196885.65511251366,1.2,98284.21952460433
d1003,1.2,251679.56721540322,1.2,125532.83509801111
d1004,1.19,151755.00188369837,1.19,74939.60000626266
d1005,1.22,160734.1081421674,1.22,81919.55353097836
d1006,1.34,112397.85213906932,1.34,59696.31216856466
d1007,1.33,114119.15758905465,1.33,59649.352408506325
d1008,1.3,199941.70634285465,1.3,99634.60198341568
d1009,1.26,119745.10303103636,1.26,63123.22516094261
d1010,1.23,63701.388580850115,1.23,33227.42747939866
d1011,1.24,117186.44319178862,1.24,60226.15629224345
d1012,1.2,143980.74432829526,1.2,72557.93390907247
d1013,1.24,193998.60443641644,1.24,99162.79828237616
d1014,1.21,172853.5034280264,1.21,86797.77622515096
d1015,1.17,181462.3252138792,1.17,88181.4375711371
d1016,1.16,134072.45346069743,1.16,67463.55311907819
d1017,1.19,134460.69282583898,1.19,67429.58072549102
d1018,1.11,137185.57124904494,1.11,64746.44182092192
d1019,1.1300000000000001,117568.69924055247,1.1300000000000001,58734.68883632317
d1020,1.11,132576.41793078295,1.11,64978.98574578484
d1021,1.11,117439.30604899026,1.11,58153.30840312341
d1022,1.12,157590.0121841838,1.12,77759.44371553765
d1023,1.16,174271.1424827398,1.16,80559.74786474305
d1024,1.26,118309.02602516087,1.26,60954.74129645674
d1025,1.2,79208.97453742794,1.2,39383.76466858871
d1026,1.21,112008.76317943537,1.21,55141.896069101036
d1027,1.24,79471.06940200452,1.24,40955.45476904868
d1028,1.23,102173.98741971194,1.23,49587.364588629665
d1029,1.22,168727.06997110046,1.22,85598.97235701433
d1030,1.23,244487.42243869643,1.23,126727.82978930602
d1031,1.23,146324.49845959712,1.24,74234.96197966071
d1032,0.01,87301635.13740937,0.01,87257315.73605278
d1033,1.36,90450.66986725859,1.36,44361.053607800124
d1034,1.31,96130.94610100356,1.31,47661.64995587205
d1035,1.3,69017.77045829082,1.3,34525.34267861639
d1036,1.3900000000000001,94653.07146312078,1.3900000000000001,48041.188086846305
d1037,1.33,104479.94257964485,1.33,54113.99192295956
d1038,1.3800000000000001,76755.81915070335,1.35,37950.4233006747
d1039,0.01,75521384.21957998,0.01,74774158.54690163
d1040,50.0,45221.0,1.34,22289.97972372898
d1041,1.29,74150.53336669643,1.29,37730.442810708926
d1042,1.28,96066.99592986477,1.25,47720.29938715959
d1043,1.26,78111.91580984952,1.26,39325.268162278946
d1044,1.23,78446.29917832976,1.23,39654.72347110992
d1045,1.25,96481.30826459912,1.25,49444.928234107596
d1046,1.34,69369.4816237104,1.34,34494.398680465616
d1047,1.35,95283.30841018079,1.35,49848.60112978788
d1048,1.31,66484.6198803277,1.31,33332.19010560985
d1049,1.23,72727.23185786243,1.23,37306.03266091742
d1050,1.25,66355.62315090945,1.25,33049.262712555086
d1051,1.1400000000000001,249375.49493041565,1.1400000000000001,124422.02300344316
d1052,1.11,255875.23780092687,1.1400000000000001,126779.28797937119
d1053,1.1300000000000001,231792.62521609373,1.1300000000000001,118205.62102941233
d1054,1.17,273608.36983588955,1.17,139074.49690462885
d1055,1.18,235467.6363853592,1.18,119147.69970998395
d1056,1.1400000000000001,192512.7465442776,1.1500000000000001,95839.3516953764
d1057,1.17,217269.7953847214,1.17,107731.4900133701
d1058,1.12,200631.85468898944,1.12,103303.34618218454
d1059,1.17,230058.15801301622,1.17,120092.17720947263
d1060,1.16,107707.38945579265,1.16,54218.16542435586
d1061,1.2,78682.46240493437,1.1400000000000001,38762.78123325254
d1062,1.17,117581.0005242939,1.17,59528.87361968191
d1063,1.21,82312.10448379471,1.2,42433.70457875428
d1064,1.16,70881.95819338753,1.16,33595.047560746236
d1065,1.12,125783.57906058594,1.12,64128.83481756708
d1066,1.2,168307.19331762733,1.2,86116.3623789778
d1067,1.1500000000000001,108733.73118199797,1.1500000000000001,57839.994808249045
d1068,1.16,92753.52867323795,1.16,46669.261610523194
d1069,1.34,95511.46839091237,1.34,46687.76707025332
d1070,1.4000000000000001,126330.44462745216,1.4000000000000001,63610.25260402566
d1071,1.3800000000000001,281529.99159301596,1.3800000000000001,143418.55776323882
d1072,1.46,124126.06401182142,1.46,63618.43036389059
d1073,1.42,308747.3028382687,1.42,156462.5250472208
d1074,1.51,164332.5063650603,1.51,80295.33918580422
d1075,1.3900000000000001,153133.62897950358,1.37,77927.20596953829
d1076,1.3,92056.0618383104,1.3,46421.500738515046
d1077,1.28,128849.19776662103,1.28,60903.77733788382
d1078,1.27,123172.30508631255,1.27,63581.06054498839
d1079,1.27,124784.51657352681,1.27,61795.06490141846
d1080,1.22,122963.19562043826,1.22,62707.65574467352
d1081,1.31,114352.35244193346,1.31,59026.90346363195
d1082,1.27,101490.65813236918,1.27,52377.14489230149
d1083,1.22,85798.91301256613,1.22,42763.46080915075
d1084,1.24,130494.33372970061,1.24,67565.41700042154
d1085,1.24,83055.51483689473,1.24,42890.65699159374
d1086,1.27,84433.00648379693,1.27,42147.258544725424
d1087,1.28,205296.2423364889,1.28,105483.57910704434
d1088,1.26,200594.9464400506,1.26,102548.42280372424
d1089,1.28,90415.54198341907,1.28,44275.80895694822
d1090,1.25,129625.67827689962,1.25,66607.83637876055
d1091,1.28,102299.85546689137,1.28,51638.23303446029
d1092,1.28,135080.11744743682,1.28,69515.99339541898
d1093,1.33,107275.09621704565,1.33,55023.42523319833
d1094,1.35,89379.99819145216,1.35,46370.94877733827
d1095,1.26,113047.116135957,1.26,57879.75381176871
d1096,1.28,144598.70829164202,1.28,70980.91723364533
d1097,1.26,178432.05998023992,1.26,90774.49685649118
d1098,1.24,244728.20626634095,1.24,124895.48958206312
d1099,1.25,115698.85925504997,1.25,58082.380888755266
d1100,1.29,105037.1142138825,1.29,51746.152771164874
d1101,1.27,158362.09050200123,1.27,78781.19671293064
d1102,1.24,126431.65093285976,1.24,66233.40017933714
d1103,1.25,141941.96146152008,1.25,72840.4559008791
d1104,1.25,118532.63033861581,1.29,54810.65195204991
d1105,1.24,116820.21758701213,1.25,60696.64654560421
d1106,1.19,219016.2920511336,1.19,110588.91965269038
d1107,1.21,182567.37363730077,1.26,89279.90941354727
d1108,1.24,242496.16720195944,1.24,127484.34690819703
d1109,1.21,261839.4254827382,1.21,133017.83398337095
d1110,1.21,260389.92994296722,1.21,131182.47465938795
d1111,1.22,261155.08714496944,1.22,130052.75421502997
d1112,1.19,305810.84093523625,1.19,155623.51177401695
d1113,1.18,239107.0464208076,1.18,120783.34410899771
d1114,1.3,90864.66338365735,1.3,42822.32164725388
d1115,1.27,100916.28535793009,1.27,52524.492885289284
d1116,1.24,74555.02224138337,1.24,37630.966762601995
d1117,1.24,67744.13446359547,1.24,35051.87270572528
d1118,1.24,93810.71579160282,1.24,48480.29280913013
d1119,1.2,77587.47822979384,1.2,38728.9037968298
d1120,1.23,51533.29382585836,1.23,24728.104564055422
d1121,1.16,96536.1856393064,1.16,50237.9072595214
d1122,1.1400000000000001,49770.68985972068,1.1400000000000001,25388.071270698085
d1123,1.22,69937.23696610694,1.22,34527.56051685242
d1124,1.24,90438.49188874976,1.24,44169.40132553191
d1125,1.26,82809.75235088162,1.26,39498.8882856351
d1126,1.23,76417.93959782588,1.23,39032.36238840735
d1127,49.99,264280.8344898901,49.99,261704.8471295949
d1128,50.0,202789.0,50.0,204946.80810558412
d1129,49.99,267407.0503984592,49.99,265974.5860234801
d1130,0.01,58078827.28751638,0.01,57804136.32866785
d1131,49.99,206659.72018781744,49.99,204179.80009271984
d1132,1.25,95898.5545130698,1.25,48888.85564758989
d1133,1.24,86601.77509888126,1.24,44291.257187103976
d1134,1.23,165517.8956986404,1.23,81906.78656297602
d1135,49.99,180052.5867960029,49.99,179434.3799267699
d1136,50.0,502271.0,50.0,501854.609611428
d1137,1.1400000000000001,85864.71824017329,1.1400000000000001,43430.70062932401
d1138,1.12,150091.9668973184,1.12,77523.98971338013
d1139,1.1,199810.2963274725,1.1,102082.89362374434
d1140,1.1300000000000001,147004.94841196935,1.1300000000000001,76694.90780831593
d1141,1.45,88122.9716875285,1.45,44432.07007822364
d1142,0.01,49689050.35713314,0.01,52018801.110549584
d1143,0.01,0.0,0.01,0.0
d1144,1.5,235550.5479413895,1.5,118502.38982636292
d333,1.22,149504.45364687365,1.22,75785.11372562386
d334,0.01,149700096.5183158,0.01,149401049.78617287
d335,1.5,87645.45608193032,1.5,39155.82164326979
d336,1.42,126085.39644916043,1.42,61993.651485691844
d337,0.01,207689737.077487,0.01,206831478.86855718
d338,1.84,177186.4732569829,1.84,90738.20515332
d340,0.01,179799738.70745572,0.01,179190830.89531955
d341,1.41,94521.33336615298,1.3900000000000001,47758.89354644024
d342,1.35,62969.1809838626,1.35,30129.746497022323
d343,1.34,84715.07586268595,1.34,41778.992518038875
d344,1.36,179111.1733288319,1.36,92082.60395457942
d345,1.35,110909.69441549433,1.35,57619.46952736172
d346,1.35,147522.80675513376,1.35,75465.40163660936
d347,1.3800000000000001,85036.54973361368,1.3800000000000001,42104.04032283322
d348,1.37,122549.49599417178,1.37,61045.350483842725
d349,1.32,55988.9132782352,1.32,27965.61113511169
d350,0.01,8240479.252343816,0.01,8947258.1489652
d351,1.36,70855.69504848628,1.36,34499.50194278513
d352,0.07,56700.38294154978,0.02,53026.5756588305
d353,1.3900000000000001,52151.54961820551,1.3900000000000001,25458.31585345605
d354,1.35,96303.72483385602,1.35,50276.91482496562
d355,1.46,170691.19109087015,1.46,84367.61232280663
d356,1.32,68768.11973646928,1.32,34610.12328818053
d357,1.29,83529.8657777812,1.29,40852.328309569435
d358,1.33,58585.06503337117,1.33,28461.07235688025
d359,1.32,122198.8425458652,1.32,60103.3075800149
d361,1.3900000000000001,65406.19906665394,1.3900000000000001,33493.155108488805
d362,1.35,71638.67485165062,1.35,32941.89719194506
d363,0.01,64560.444998552564,0.01,62398.757052562556
d364,1.32,136562.6091058045,1.32,68254.76759291433
d365,0.01,747705.9981599179,0.01,744571.1480744306
d366,0.01,111462.2364063137,0.01,119846.32733681046
d367,1.31,104720.88353287439,1.31,51619.52023118828
d368,1.32,148040.11025566148,1.32,72877.56382575676
d369,1.36,103343.89474298828,1.36,53025.003332196124
d370,1.3,83326.97327615066,1.3,39932.354579744475
d371,1.34,97614.7879641577,1.34,50915.12666832846
d372,1.26,67091.74629499672,1.29,33869.68598135689
d373,1.33,77050.94190145822,1.33,40030.46883049107
d374,1.34,84895.76656861547,1.34,43024.848197711675
d375,1.3900000000000001,62704.55021697061,1.3900000000000001,28764.495085485923
d376,1.43,108511.22184252877,1.43,54235.076455263224
d377,1.53,90976.43001092333,1.53,42120.09732819713
d378,1.3,83273.38970707731,1.3,42308.769424761755
d379,1.32,130828.81557776994,1.32,65748.95807097785
d380,1.21,81261.472231141,1.21,36467.97023798371
d381,1.2,94832.79319249296,1.24,46686.54660576339
d382,1.41,87080.66268715769,1.41,41998.09519411649
d383,1.36,209936.0954373902,1.36,107514.12132237853
d384,1.34,125010.23888226882,1.34,65552.41530344657
d385,1.31,100594.81821070869,1.31,47604.272553703944
d386,1.31,101516.70732641623,1.31,52519.25099328569
d387,1.28,291077.75230549235,1.28,147339.45892807847
d388,1.28,99242.98670731587,1.28,50356.616305567906
d389,1.25,138667.36987206902,1.25,70756.64761517434
d390,1.2,315737.4928284039,1.2,156546.2864614399
d391,1.54,132922.7093443126,1.54,69216.32084337121
d392,1.53,121082.3284590793,1.53,61724.402480775556
d393,1.52,181254.33981596248,1.52,91839.89777200676
d394,0.01,65710595.153443165,0.01,67134704.09496027
d395,1.49,146255.0775196596,1.49,71960.16804127813
d396,1.43,166013.00446017075,1.43,83429.1033220655
d397,0.01,0.0,0.01,0.0
d398,1.4000000000000001,123840.70596309795,1.4000000000000001,61159.14553529661
d399,1.47,132476.0764136709,1.47,67073.67532418843
d400,1.62,272611.07275156333,1.62,137288.93330201134
d401,1.58,114749.47075359244,1.58,58418.58812386999
d402,1.57,93369.66160960529,1.57,46676.02122043616
d403,1.53,84898.96865433818,1.53,41596.648651517455
d404,1.3800000000000001,213873.08400199708,1.3800000000000001,109177.74402749226
d405,1.3,102879.01990361947,1.3,49878.995262293516
d406,1.47,133798.70689691303,1.47,56191.345820494826
d407,1.46,146575.9214399656,1.46,74831.78838928445
d408,1.47,127559.3721456867,1.47,62778.5539334187
d409,1.45,93077.69738379985,1.45,47060.7144889613
d410,1.4000000000000001,172244.88349889033,1.4000000000000001,84472.78136210768
d411,1.37,84833.99256790229,1.37,42640.050560130636
d412,1.37,133030.84704018195,1.37,66504.52894695848
d413,1.3900000000000001,96192.02025043109,1.3900000000000001,47005.275154533185
d414,1.37,167075.19795293902,1.37,83494.60668810474
d415,1.36,84332.58531135676,1.36,43620.965654641666
d416,1.36,118784.61431528974,1.36,60939.36589258833
d417,1.33,60573.220338111634,1.33,31562.864283930845
d418,1.3,332214.68394426454,1.3,167483.0114833531
d419,1.32,208963.98523599244,1.32,110113.06125985613
d420,1.25,317470.35011691,1.25,166909.84907215546
d421,1.3,92058.98079091405,1.3,44432.24775422339
d422,1.26,118981.31862386828,1.26,57259.127880584994
d423,1.26,73812.65967566743,1.26,36365.13457969416
d424,1.22,201902.96300774196,1.22,99955.29094173388
d425,1.26,127449.3842411228,1.26,64912.63003367568
d426,1.29,129138.73363923926,1.21,57059.32928744651
d427,1.49,228045.64462882333,1.49,115224.65288948498
d428,1.47,153338.16920620503,1.47,78337.0810513445
d429,1.45,112956.3863714175,1.45,57834.298433070195
d430,1.5,134803.01354741462,1.5,65998.36035674952
d431,1.4000000000000001,131958.55087389116,1.4000000000000001,62479.79794507594
d432,1.37,156158.60876106063,1.37,75690.68519513062
d433,1.45,111433.40713736395,1.45,56698.42748545598
d434,1.4000000000000001,111165.36042255719,1.4000000000000001,52821.908444335255
d435,1.3,115437.54438767892,1.33,55295.989117490084
d436,1.23,104380.96564708072,1.23,49654.94317790107
d437,1.23,120960.59297164886,1.23,61783.97802585193
d438,1.21,156612.9520275067,1.21,79794.75934370788
d439,1.24,128291.78931931785,1.24,65215.33650099505
d440,1.46,93444.00056683122,1.46,43779.82548781736
d441,1.5,128369.13016595085,1.5,63840.21765771152
d442,1.72,116220.91206759395,1.72,57434.44712196363
d443,1.32,75291.9095411811,1.32,35548.12641859038
d444,1.3900000000000001,175357.50887960475,1.3900000000000001,87739.1403012318
d445,0.24,40308.19030538547,1.59,16898.34016209149
d446,1.69,92721.72924092869,1.69,46252.67598266699
d447,1.55,179601.35956727658,1.55,91833.10990328685
d448,1.59,65450.97640769699,1.59,31610.92209246072
d449,1.57,76241.06509756742,1.57,39976.12357894762
d450,1.59,211190.14941907744,1.59,106543.49007576099
d451,0.01,150403796.99500078,0.01,150097248.27710038
d452,1.58,158041.7232537918,1.58,79437.1686728307
d453,1.3,82166.17760152828,1.32,39765.475389353385
d454,1.37,64190.25986572168,1.35,32495.9279879219
d455,1.35,105401.4523805536,1.35,54237.689972030494
d456,1.37,80376.49240352455,1.37,41001.58479673268
d457,1.3800000000000001,47472.05992773435,1.3800000000000001,24423.93382324302
d458,1.43,79577.68954304807,1.43,40837.73670439854
d459,1.42,56577.75832276626,1.42,27851.673581275812
d460,1.4000000000000001,68786.08630974378,1.4000000000000001,34187.68358336688
d461,1.4000000000000001,79510.14892831564,1.4000000000000001,39144.362039393156
d462,1.43,124864.58865773867,1.43,64421.34634215111
d463,1.42,74462.35158481699,1.42,37578.60226579206
d464,1.45,46600.73153326955,1.45,23231.921345220006
d465,1.4000000000000001,51213.861791139156,1.4000000000000001,25938.73969833441
d466,1.41,108121.46230249696,1.41,53584.870278548544
d467,1.36,153166.89415602366,1.36,78262.90945970637
d468,1.4000000000000001,163521.80098277293,1.4000000000000001,81822.45239767316
d469,1.43,87776.31346967736,1.43,44907.807957963334
d470,1.43,185743.07094011677,1.43,94245.33540791196
d471,1.4000000000000001,141478.32108678308,1.4000000000000001,70669.02102469504
d472,1.43,165743.52666125263,1.43,83360.31835274448
d473,1.42,180368.659368485,1.42,91768.72131268542
d474,1.49,227915.74044260161,1.49,114038.54152241781
d475,1.42,183894.2278042362,1.42,95185.58490567091
d476,1.49,181659.73727895753,1.49,89695.90759835482
d477,1.51,144140.61805211147,1.51,72773.48301591714
d478,1.48,186910.31651834774,1.48,94368.31770030265
d479,1.47,124886.34147744991,1.47,60493.235445924336
d480,1.47,193742.52227252387,1.47,96301.0902170766
d481,1.49,249476.08596217685,1.49,126050.7825303647
d482,1.47,217540.45296845757,1.47,110893.19271487709
d483,1.52,185488.8760616462,1.52,86046.44942563798
d484,1.5,208817.01371164352,1.5,103070.78455687927
d485,1.51,87168.00700484109,1.51,43861.783724463035
d486,1.5,96211.22856638,1.5,48430.350120736526
d487,1.53,99017.62221558184,1.53,49991.65811858178
d488,1.47,214164.0440491362,1.47,110126.22877687696
d489,1.51,128626.23756709538,1.51,63692.5307519828
d490,1.48,118009.74274250476,1.48,59060.92071835971
d491,1.51,68751.81912611733,1.51,34277.18824152469
d492,1.51,73829.96808535681,1.51,36883.948357653186
d493,1.48,78674.11140383079,1.48,39145.100943491714
d494,1.32,239558.99128556252,1.32,123139.6217461343
d495,1.32,313739.28558464546,1.32,158211.39180086605
d496,1.31,389225.46560225816,1.31,195650.6062939455
d497,1.32,300962.10547700245,1.32,148201.60462511994
d498,1.32,294121.2215466846,1.32,146827.41872725837
d499,1.4000000000000001,249152.43388329548,1.4000000000000001,122832.01775319938
d500,1.32,340260.9597239419,1.32,172319.91950546487
d501,1.33,311042.7819831166,1.33,154686.69203657066
d502,1.35,320461.0223118744,1.35,159837.6967083952
d503,1.37,155973.5411429431,1.37,79918.03015039062
d504,1.3800000000000001,134673.53424646115,1.3800000000000001,68382.7163706266
d505,1.37,188857.87949289827,1.37,97951.75543790183
d506,1.36,88161.67032597853,1.3900000000000001,43007.559436539115
d507,1.3800000000000001,96976.50723905468,1.3800000000000001,48799.850568168455
d508,1.3800000000000001,109985.58481719451,1.3800000000000001,55526.25341219089
d509,1.3800000000000001,119919.52494242859,1.3800000000000001,61067.34345646415
d510,1.36,117482.33498907485,1.37,58771.339493077234
d511,49.99,74338.3454094743,1.3900000000000001,26446.55551124644
d512,1.41,329319.92165129486,1.41,164383.1267740734
d513,1.44,224724.14945702918,1.44,109045.80316647007
d514,1.41,267958.2099053385,1.41,133227.67598772558
d515,1.3900000000000001,263493.8903205497,1.3900000000000001,131455.60804392828
d516,1.4000000000000001,380143.11974752153,1.4000000000000001,189194.35479748048
d517,1.41,207717.75711256955,1.41,102908.96216197353
d518,1.44,236738.22480416545,1.44,118221.4951086526
d519,1.41,325723.90612743696,1.41,162499.35000012506
d520,1.41,183788.49630948986,1.41,87846.80438790399
d521,1.37,97134.43417954819,1.37,42248.2600258051
d522,1.41,143793.2346346083,1.41,72855.59812249665
d523,1.44,179171.63243019197,1.44,92298.93541703818
d524,1.4000000000000001,178340.95679261297,1.4000000000000001,86441.95061804459
d525,1.41,208732.64095733227,1.41,102900.71335572256
d526,1.41,208732.64095733227,1.41,102900.71335572256
d527,1.3900000000000001,154537.98266278254,50.0,104571.10516512982
d528,1.36,108980.67245774635,1.37,53330.95921965243
d529,1.41,186011.73900383286,1.41,90761.65757614755
d530,1.37,240906.8552307808,1.37,116475.72909982836
d531,1.41,247233.7156929671,1.41,128654.63236642723
d532,1.3800000000000001,285209.5703341259,1.3800000000000001,145587.53536490406
d533,1.46,256116.20147110373,1.46,119665.04300390446
d534,1.45,188884.14033047258,1.45,96602.86343023594
d535,1.45,315702.9465492898,1.45,161008.94070023796
d536,1.44,264394.4982366006,1.44,134056.17849577378
d537,1.5,249492.89694449425,1.5,127210.95211000802
d538,1.44,207648.63713978574,1.44,105327.3729290399
d539,1.31,97773.567424769,1.31,48029.69334858382
d540,1.33,103866.2627745659,1.34,51290.029571768835
d541,0.01,0.0,0.01,0.0
d542,1.35,181611.66752378017,1.35,93167.69478032246
d543,1.3800000000000001,107353.36059995802,1.3800000000000001,54323.917830812425
d544,1.36,109030.40859212764,1.36,56189.653822692206
d545,1.3800000000000001,65062.20239136714,1.3800000000000001,33193.86980393156
d546,1.37,263150.84020803205,1.37,135004.11513910448
d547,1.43,311646.0342133134,1.43,161943.86717760132
d548,1.4000000000000001,294566.33304101386,1.4000000000000001,146742.16591475724
d549,1.3800000000000001,207854.76643033905,1.3900000000000001,97864.85040049118
d550,1.41,248179.058917078,1.41,128360.04151561699
d551,1.41,348027.05245976103,1.41,175701.56664210657
d552,1.43,253174.72012320053,1.4000000000000001,123862.62813996067
d553,1.4000000000000001,332965.166799845,1.4000000000000001,167695.855269695
d554,1.3900000000000001,447598.8320728253,1.3900000000000001,225954.6346682053
d555,1.3800000000000001,171180.72049037027,1.3800000000000001,83210.76998048325
d556,1.3800000000000001,212317.85195756977,1.3800000000000001,105633.70844202345
d557,1.27,115164.91055292709,1.27,55894.34049739843
d558,1.25,159408.29524986626,1.25,81857.16322029338
d559,1.27,144134.56125702118,1.27,73596.87922508018
d560,1.27,183421.7162533733,1.27,93409.78557808239
d561,1.32,134577.93772631898,1.32,69198.94422336244
d562,1.36,143765.20838376155,1.34,73440.42110952003
d563,1.33,118146.80896254352,1.33,61345.72504258008
d564,1.33,93364.97779429394,1.33,46649.025503932324
d565,1.32,161736.5579635289,1.32,82005.99982210647
d566,1.27,238735.82331048753,1.27,119841.21380453919
d567,1.3,242154.89391517275,1.3,122917.88997298788
d568,1.25,241474.46376956766,1.25,121440.47780307566
d569,1.32,262479.3276693546,1.32,129076.56503157779
d570,1.37,141698.60693263862,1.37,68327.01363439621
d571,1.32,193255.29086559804,1.32,97946.31779971103
d572,1.33,158894.8050310265,1.33,80113.66685304485
d573,1.29,208145.26749589056,1.29,99401.85024019488
d574,1.28,158417.2798352393,1.28,71095.48006378049
d575,1.36,182030.9445037809,1.36,94148.90470325814
d576,1.32,199890.44544579362,1.32,100931.09074828231
d577,1.32,187043.33899449845,1.32,95915.42408916954
d578,1.35,198642.9355021212,1.35,101754.53977017045
d579,1.3800000000000001,153738.15751950056,1.3800000000000001,78013.967683731
d580,1.32,170603.86772881614,1.32,89317.00582509239
d581,50.0,172711.0,1.28,73222.24134307369
d582,50.0,234597.99999999997,50.0,234726.55533055036
d583,49.99,149292.1859524755,49.99,148743.41792549618
d584,1.32,115879.78319816863,1.32,58337.53539216474
d585,1.35,102332.6938935401,1.35,52210.35197467633
d586,1.34,50169.56922013051,1.34,25959.476565669847
d587,50.0,152955.0,50.0,153115.03264541394
d588,1.41,162684.72662715268,1.41,82079.63986027027
d589,1.4000000000000001,102127.9772039775,1.4000000000000001,49970.692957212705
d590,1.41,115545.50878831203,1.41,59764.403661758275
d591,1.3800000000000001,107010.0014594923,1.3800000000000001,54697.27474708433
d592,1.41,188894.01769868884,1.41,95341.41596886243
d593,1.25,205863.27500479095,1.25,104751.80336901857
d594,1.23,409522.5997928627,1.23,213719.3937722278
d595,1.19,191903.66859676718,1.19,91250.83744988966
d596,1.19,330975.62142328394,1.19,158307.1068418782
d597,1.22,227538.03592335727,1.22,109573.58069786677
d598,1.22,176363.00767530352,1.22,83215.2595426323
d599,1.28,277476.9267342135,1.28,138259.58803676476
d600,1.28,268836.20981377247,1.28,134162.17493619167
d601,1.27,271352.4288876008,1.27,138806.86501354427
d602,1.33,337579.4309066319,1.33,174425.88402904646
d603,1.26,195457.6901265433,1.26,100285.94217806259
d604,1.29,184642.751992667,1.29,93492.16404546128
d605,1.36,153782.81825352352,1.36,78241.46938371153
d606,1.31,167786.7599594722,1.31,85284.63738451106
d607,1.36,180061.15614057556,1.36,90519.83703455632
d608,1.3,153711.84307576012,1.3,74050.95176331894
d609,1.28,242727.7899267481,1.28,121511.20371649634
d610,1.3,167601.11096663238,1.3,83471.36899514898
d611,1.3900000000000001,141330.85950412528,1.3900000000000001,70084.171329871
d612,1.42,130237.59798544589,1.42,64973.80760465393
d613,1.42,127648.67603361698,1.37,60776.98610395691
d614,1.3800000000000001,222383.82317313575,1.3800000000000001,112290.98309142409
d615,1.42,177212.1568347816,1.42,88593.39226190797
d616,1.3800000000000001,227688.3250477008,1.3800000000000001,113463.10830480444
d617,1.41,182126.09347267545,1.41,88707.81378119113
d618,1.3900000000000001,178837.72447830514,1.3900000000000001,90718.03966797514
d619,1.43,134500.71587839443,1.43,66229.53137613568
d620,1.45,133429.66014476717,1.45,64103.49648221212
d621,1.41,215535.27937807355,1.41,110578.79678820052
d622,1.41,202431.76374730215,1.41,103263.35311479135
d623,1.4000000000000001,232584.56465735415,1.43,117495.34070411613
d624,1.3900000000000001,165877.23467868584,1.3900000000000001,81679.38231387532
d625,1.42,216260.71367285762,1.42,108188.17773390355
d626,1.43,218029.74989178,1.43,105551.45535357347
d627,1.45,209124.75467757232,1.45,102998.0042704066
d628,1.37,364173.0624570658,1.37,185330.40575045662
d629,1.34,247228.18835035583,1.34,128283.27252413527
d630,1.33,220527.1508349986,1.33,114882.98431598861
d631,1.34,248809.1576040146,1.34,125662.58401760964
d632,0.01,194174232.40798065,0.01,193434004.53158492
d633,1.36,296086.654350427,1.36,153928.9279910364
d634,1.31,262884.1619721561,1.31,129549.01148119131
d635,1.34,320725.1223051353,1.34,164079.7025451228
d636,1.33,250090.2334673213,1.33,125768.97454524496
d637,1.34,285792.5162566345,1.34,144360.4416906019
d638,1.28,199021.6877762282,1.32,97153.51175793182
d639,1.31,303082.6823326297,1.31,150383.2740460585
d640,1.32,284828.35771945457,1.32,144058.1974955717
d641,1.33,283530.69887247327,1.33,147565.27610533728
d642,1.29,224929.92624295322,1.29,109120.93318775328
d643,1.31,207512.1038906085,1.31,102826.52265917965
d644,1.29,183330.20697828484,1.29,91335.49301273756
d645,1.26,282879.0824197662,1.26,145214.4810539027
d646,1.27,240254.26528789158,1.27,122237.60027604566
d647,0.01,207629023.54131815,0.01,206771201.27959096
d648,1.37,136288.83630292027,1.37,63796.43177062947
d649,1.23,63725.715496997735,1.23,33219.02271291426
d650,1.3,81207.07068166387,1.3,40284.95103761428
d651,1.27,95512.38645350568,1.27,47709.46184349608
d652,1.25,245719.7293361046,1.25,126036.68715904617
d653,1.25,117576.55316728527,1.25,60750.712190571474
d654,1.27,72662.68230768497,1.27,38230.79212488899
d655,1.27,87647.62750243922,1.27,45488.387902724804
d656,1.29,131049.3815155771,1.29,66435.33399627105
d657,1.29,135405.94048995004,1.29,61861.46775317247
d658,1.44,111203.51380511746,1.44,44289.02240302442
d659,1.34,172437.18961351796,1.34,89370.92414580613
d660,1.37,118227.98691974637,1.37,60453.95655497934
d661,1.3,70885.92912027,1.35,35271.02161978738
d662,1.37,104755.6832660725,1.37,49049.53201682833
d663,50.0,101681.0,1.32,47424.91618874908
d664,1.35,82398.99586534286,1.35,41723.34621145334
d665,1.34,149498.36936697835,1.34,77808.02547058072
d666,1.3,177063.90131081405,1.3,88932.60329223947
d667,1.33,283205.05520612997,1.33,144571.4522847299
d668,1.33,193864.61575151284,1.33,98625.32371564052
d669,1.37,179174.40291570334,1.37,88048.60508952414
d670,1.33,230174.77541608934,1.33,118176.23669544989
d671,1.31,233851.3806609612,1.31,117708.3204260637
d672,1.35,329997.0983848062,1.35,169659.76514142056
d673,1.31,211576.3233692113,1.31,107621.70037655975
d674,1.3,188382.03932342216,1.3,93333.43626813834
d675,1.28,232279.16853309047,1.28,118570.59464758555
d676,1.37,220722.57584313946,1.37,107574.02739246337
d677,1.34,231613.25942580946,1.34,118136.84340887188
d678,0.01,0.0,0.01,0.0
d679,1.31,209655.86845379122,1.31,103537.34882190525
d680,1.34,313874.75556099485,1.34,162467.94090686235
d681,1.29,166512.4353875098,1.29,81218.66248529406
d682,1.27,242765.90422886488,1.27,124218.21024651235
d683,1.31,108263.17022025646,1.36,50962.56402759274
d684,1.34,122981.39563687067,1.34,60094.30411566939
d685,1.3900000000000001,143415.59626911842,1.35,72195.48054406124
d686,1.3,273120.6540913092,1.3,133082.22473841687
d687,1.36,237239.46377208811,1.36,122719.79123812834
d688,1.33,241622.95128350766,1.3800000000000001,122207.58976039964
d689,1.37,203732.15508102227,1.37,103390.8210389595
d690,1.36,202317.6151074214,1.36,102505.82024900487
d691,1.37,412064.8168315663,1.37,210527.14418165802
d692,1.33,86968.98510599456,1.33,44130.36273170423
d693,1.31,81045.47854688825,1.31,40900.42735084762
d694,1.32,84292.01625243905,1.32,42779.911153297515
d695,1.29,203364.8306954226,1.29,100683.00087715748
d696,49.980000000000004,207587.4429300741,1.29,81056.76160874925
d697,50.0,173551.0,1.32,49230.18784746427
d698,49.99,128194.24053770925,49.99,128179.20831738565
d699,49.99,153159.8269483939,1.3800000000000001,60425.796167724104
d700,50.0,127407.0,1.41,56137.03482210945
d701,49.99,161381.08139253303,1.33,76056.0022823401
d702,1.41,171531.1848470202,1.41,83693.2653356181
d703,1.3800000000000001,185263.97612428796,1.3800000000000001,93997.88463834846
d704,1.3800000000000001,130948.63926520347,1.3800000000000001,67735.11466556668
d705,0.01,57613223.266296305,0.01,57459850.83075242
d706,50.0,303160.0,1.3900000000000001,110737.41732900107
d707,0.03,29616610.840668503,0.03,29241401.134071
d708,49.99,148081.44978988558,1.41,66267.03115931245
d709,50.0,275188.0,1.44,93475.22747779022
d710,50.0,234157.0,1.44,76147.7904911654
d711,1.34,112359.68215666148,1.34,57898.003599203934
d712,1.32,116827.56263265944,1.32,58659.25602316655
d713,1.31,120096.12658055026,1.31,59097.53317740967
d714,1.34,66246.69455241221,1.35,31951.23753823597
d715,0.01,41921120.38070873,0.01,42011244.545746155
d716,0.01,52890584.67013596,0.01,52710063.23995387
d717,1.31,128764.46627616102,1.31,63505.13663285773
d718,1.3,137936.2863902105,1.3,63133.559209262356
d719,1.28,126958.29231483243,1.28,53849.59625629567
d720,0.04,12666194.608866027,0.04,12046997.54106072
d721,1.25,186832.92201629278,1.25,95441.5659866751
d722,0.01,21759638.19094243,0.01,22689627.09105551
d723,1.25,341879.70815324626,1.25,176554.0104684835
d724,1.23,377722.7717435117,1.23,194316.50691916622
d725,1.27,331551.01041290996,1.27,169381.8819465616
d726,0.02,10944369.591524139,0.02,12061981.560305294
d727,0.01,45968324.79900915,0.01,45772560.392023616
d728,1.18,264410.35458975646,1.18,134952.71985304498
d729,1.27,163023.38017231974,1.27,83195.18002905235
d730,1.29,236722.34753851092,1.29,119508.4542065501
d731,1.28,166390.92648208147,1.28,81814.08759969847
d732,0.01,71938783.90272428,0.01,71667294.43530856
d733,0.01,32971946.816507652,0.01,32893862.3030413
d734,49.99,315687.4129105637,49.99,314338.7016371821
d735,49.99,351428.6005427461,49.99,350312.5299353506
d736,49.99,200939.93995081872,49.99,199078.21343274642
d737,0.01,64545054.58024676,0.01,64483245.355666034
d738,1.27,101558.58267223412,1.27,51587.10821866495
d739,1.21,155926.15024549054,1.21,74979.2788800204
d740,1.31,146389.47870279913,1.31,71049.62231171232
d741,1.26,100726.4090941103,1.26,50578.99401061222
d742,1.25,126692.57007524843,1.25,65041.10543809052
d743,1.28,142186.20994865563,1.28,68621.42360362427
d744,1.26,100983.10373162727,1.26,51642.31607385623
d745,1.24,283993.6513638651,1.24,146024.6748534761
d746,1.26,166312.46347549921,1.22,82094.72947753707
d747,1.21,133239.90099140085,1.21,62974.78769712382
d748,1.22,135046.91733175766,1.22,67513.46010284539
d749,1.12,222168.52034067104,1.12,113811.86507086625
d750,1.1300000000000001,124600.14875535115,1.1300000000000001,63858.241639282096
d751,1.1300000000000001,176135.0789045839,1.1300000000000001,90672.05721719535
d752,1.1500000000000001,200551.343521408,1.1500000000000001,103614.03057070161
d753,1.08,193180.70418349744,1.08,97635.11915286983
d754,1.1,294219.3096244937,1.1,149037.3729097414
d755,1.08,165531.79115843694,1.11,81649.1180071993
d756,1.18,138281.04596440782,1.18,72999.69524848115
d757,1.2,221684.60838184564,1.2,108025.94300445626
d758,1.2,241260.9609734475,1.2,118541.43961012759
d759,1.24,182227.38493459375,1.24,95030.52352954492
d760,1.21,200680.51875162788,1.21,104038.04307545764
d761,1.17,216790.96683856493,1.17,113960.48175152502
d762,1.21,258644.70847471172,1.21,130124.77295301417
d763,1.22,208464.25615949978,1.22,107083.115247862
d764,1.2,124553.43292192595,1.2,61902.32856599953
d765,1.1400000000000001,124810.87129179215,1.1400000000000001,63559.99480339574
d766,1.1,135012.44702074997,1.1,66623.92011662954
d767,1.1,142831.57339326243,1.1,71317.15644081075
d768,0.01,0.0,0.01,0.0
d769,1.07,181504.54323341843,1.07,88192.6158839701
d770,1.1300000000000001,219320.1866372185,1.1300000000000001,114133.11106545418
d771,1.1500000000000001,151241.25106366584,1.1500000000000001,76187.369772344
d772,1.12,218699.12260253937,1.12,112258.92301304627
d773,1.12,232940.94901054067,1.12,116808.18472753346
d774,1.31,79500.16976182534,1.31,37841.48192827724
d775,1.27,79870.09898259884,1.27,41874.51860463644
d776,1.29,85274.7788281314,1.29,40499.601366612296
d777,1.29,90815.37967401923,1.29,44358.703668162154
d778,1.24,105426.29546825681,1.24,47575.38237954626
d779,1.3,90925.52835202678,1.3,47253.756799048344
d780,1.23,144450.83914019197,1.23,72924.5265944161
d781,1.29,136106.96691230626,1.29,68162.45161516531
d782,1.24,132964.9290800083,1.24,67233.7870280534
d783,1.25,249627.9652750063,1.25,125662.87677325765
d784,1.22,280360.8882433587,1.22,142229.23078466998
d785,1.19,227114.83527009428,1.19,118597.97330364241
d786,1.23,232341.1256403859,1.23,118593.20254210204
d787,1.22,279427.4997124029,1.22,139570.06998665148
d788,1.25,214589.8820798627,1.25,103562.86813561802
d789,1.25,217089.40789897743,1.25,110985.842616054
d790,1.23,155634.76280311652,1.23,78672.62520491407
d791,1.26,161094.93738349908,1.26,82987.88856098214
d792,1.46,196404.6822535528,1.46,98112.4952207677
d793,1.41,221741.53290004135,1.41,112215.45753359591
d794,1.3900000000000001,216329.67578600754,1.3900000000000001,107074.26019006761
d795,1.3900000000000001,295402.570746987,1.3900000000000001,148161.46901923048
d796,1.35,221239.09343528072,1.35,113536.8591334553
d797,1.32,179048.4261034214,1.32,90522.82082710488
d798,1.32,140997.942415168,1.32,72449.08256660376
d799,1.29,207249.6887963593,1.29,105727.32051595284
d800,1.33,186768.99949845579,1.33,96372.75679072495
d801,1.1,120297.49237627831,1.1,59961.57930872495
d802,1.1,146779.138683334,1.1,73364.56393211197
d803,1.11,226537.05946006466,1.11,114840.89796723097
d804,1.1400000000000001,127618.57642472263,1.1400000000000001,66462.31532066502
d805,1.08,154255.60009260505,1.08,73283.42262102319
d806,1.16,95170.62458979849,1.16,49420.35780330892
d807,1.06,68275.074672863,1.06,35298.974714716045
d808,1.1400000000000001,137342.15207259508,1.1400000000000001,69896.91752640247
d809,1.1400000000000001,157740.09148006878,1.1400000000000001,77126.11512372081
d810,1.25,214169.4155092364,1.25,110030.91481261706
d811,1.26,186852.97616186267,1.26,97163.95666431231
d812,1.23,172428.07148936446,1.23,87334.81886648358
d813,1.23,78234.4008404675,1.23,38633.12428123847
d814,1.24,84874.78596700724,1.24,42847.31523375369
d815,1.25,73031.6295283815,1.25,37222.704402473224
d816,1.34,136630.20425125904,1.34,71941.98144808115
d817,1.23,123374.5608520104,1.23,63040.96155013853
d818,1.24,136577.34855550673,1.24,70104.4906141653
d819,1.12,74923.39506450425,1.1,37989.427985685674
d820,1.07,94156.50009790438,1.07,48449.72225280371
d821,1.12,122546.6493393569,1.12,62797.851761049475
d822,1.06,92803.19742036574,1.06,48417.692475626165
d823,1.21,71849.06626677983,1.21,34723.70315642156
d824,1.11,89429.07710775877,1.11,44641.94469465364
d825,1.1,124798.58857003061,1.1,62258.658320417795
d826,1.07,75262.81611774176,1.07,37972.67927086543
d827,1.07,66360.6802380606,1.07,34052.11765864335
d828,1.3,121835.64569008177,1.3,60880.08775875444
d829,1.27,114242.37590857322,1.27,57342.10140335582
d830,1.33,97524.53721224442,1.27,37955.17726007094
d831,1.23,97057.67511227282,1.23,49157.1524057784
d832,1.27,127567.81240185194,1.27,63659.737426100975
d833,1.23,132536.15084813384,1.23,68436.98844917065
d834,1.28,136144.51468340034,1.28,68641.03856899463
d835,1.27,105037.92106713697,1.27,52744.66355488515
d836,1.28,158185.9530629586,1.28,80782.64153999687
d837,1.21,93861.55990297243,1.21,45178.74434577313
d838,1.21,246832.8552990504,1.21,125287.76767841216
d839,1.21,237149.3703044013,1.21,115615.17493936549
d840,1.21,340531.5929556723,1.21,172572.26799582125
d841,1.2,270281.4518408811,1.2,137111.62045137002
d842,1.22,210354.17718091648,1.22,106214.60257196457
d843,1.18,201972.20519214674,1.18,94845.11598861111
d844,1.18,208588.7643179605,1.18,94931.08837820258
d845,1.23,196660.9116332135,1.23,96300.33587122304
d846,1.29,97882.58756622406,1.29,49521.64763075009
d847,1.21,69090.98614771452,1.21,34341.482869211904
d848,1.24,106398.54053474989,1.24,54299.03840514939
d849,1.26,96050.07820514217,1.26,46620.51141643686
d850,1.3,121458.06988270444,1.3,60935.686383163855
d851,1.27,178306.62709075824,1.27,90710.49232717932
d852,1.47,96978.50209409767,1.47,41587.164552139926
d853,1.37,75234.9810934667,1.37,35971.873482291776
d854,1.33,94690.75662636994,1.33,49675.33190365927
d855,1.19,98966.34414203254,1.19,48456.109030082895
d856,1.21,143720.3764383746,1.21,68953.73646780808
d857,1.2,241142.90409685377,1.2,122656.14851019262
d858,1.16,139176.07306501744,1.16,69303.43654477138
d859,1.17,188764.78010509556,1.17,96793.3965712069
d860,1.2,98818.85318234393,1.12,44768.56006551032
d861,1.19,179770.32157260372,1.19,90840.74097139333
d862,1.2,182323.5258007341,1.2,87542.52511131472
d863,1.1500000000000001,153271.15842816094,1.1500000000000001,80397.65509525727
d864,1.43,116375.62702667461,1.43,57635.96643027323
d865,1.44,140838.94560471317,1.44,72202.94597512727
d866,1.4000000000000001,140984.04503709663,1.4000000000000001,71207.56346174257
d867,1.42,206192.39755574413,1.42,105557.53584200735
d868,1.43,157101.49051871552,1.43,79792.86937539188
d869,1.3900000000000001,125853.987546903,1.3900000000000001,64388.17973665578
d870,1.4000000000000001,177993.2817841559,1.4000000000000001,89110.96006555825
d871,1.37,158354.53199232073,1.37,82351.4317319203
d872,50.0,188667.0,50.0,190855.89540309334
d873,0.01,75360866.6281518,0.01,74855456.73869717
d874,0.01,88776702.45306522,0.01,88606633.1101399
d875,1.29,171929.36780880557,1.29,85185.80073337816
d876,1.29,184367.98321339025,1.29,93162.20259375226
d877,0.01,103659398.6622531,0.01,103325866.2426803
d878,1.36,144182.89217844087,49.980000000000004,135957.32664264017
d879,49.99,233866.42314124794,49.99,234305.29081890968
d880,0.01,76072257.80421658,0.01,75813856.77995431
d881,0.01,101148175.0118667,0.01,100743384.83159527
d882,1.35,109655.84489044505,1.35,56776.076185118196
d883,1.3800000000000001,149225.51266226041,1.3800000000000001,75898.47101519103
d884,1.3900000000000001,102552.23686989144,1.3900000000000001,52132.49022470754
d885,1.41,112644.58820865791,1.41,54911.321425867136
d886,49.99,181069.55838810554,49.99,180352.24641335945
d887,49.99,232752.66473358145,49.99,229535.6864628816
d888,50.0,403485.0,50.0,403028.9228097331
d889,50.0,591766.0,50.0,591633.5737220638
d890,50.0,232017.0,50.0,232215.6771195418
d891,1.35,168365.2662480013,1.35,85615.3616672666
d892,1.33,105768.30941415289,1.33,47410.84420277595
d893,1.29,96098.26638989428,1.29,49578.951721965
d894,1.26,82549.20272307392,1.26,41812.92397590096
d895,1.31,112485.15313800417,1.31,56586.47033026827
d896,50.0,79963.0,1.35,32078.891358736837
d897,50.0,134098.0,50.0,134725.52781621233
d898,49.99,182528.9123163183,49.99,181226.89651892992
d899,50.0,209374.0,50.0,210137.14849625627
d900,50.0,143151.0,50.0,143937.700065437
d901,1.19,192433.21088925004,1.2,96645.50038391174
d902,1.19,179141.17758936834,1.19,90627.12702032289
d903,1.19,187053.4738649683,1.19,93642.23292477499
d904,1.23,135211.1186052318,1.23,69209.3030293293
d905,1.22,72418.26087707342,1.22,35345.19857984389
d906,1.25,163180.68763708195,1.25,83975.92755361977
d907,49.99,282462.6507903237,49.99,280165.7825833649
d908,50.0,406704.0,50.0,407320.9365507222
d909,49.99,298579.6504867061,49.99,297451.922173386
d910,1.4000000000000001,67912.31740573494,1.4000000000000001,33704.29518353249
d911,1.43,170788.52404370223,1.43,78875.49329186567
d912,1.4000000000000001,185197.40977958203,1.4000000000000001,89198.07126585589
d913,1.35,169939.52533672508,1.35,84879.61049423752
d914,1.42,90922.1661885661,50.0,86103.26179686753
d915,1.35,177533.89256778383,1.35,85583.7674963923
d916,1.33,258062.54591588827,1.33,132688.08615397077
d917,1.31,141598.34522749294,1.31,69716.80480846298
d918,1.33,174812.2808687017,1.33,88933.00168868132
d919,49.99,171029.29090858312,49.99,171052.73848460705
d920,49.980000000000004,127937.60909488838,49.980000000000004,125810.51005029526
d921,50.0,221967.0,50.0,221835.59841579472
d922,49.980000000000004,286184.91436852893,49.980000000000004,281399.3705521222
d923,49.99,224574.25975550362,49.99,223331.31334336265
d924,49.99,158428.2490462429,49.99,157397.42532369512
d925,1.22,93380.49041135595,1.22,48290.65498514146
d926,1.17,171193.66281494364,1.17,82905.47553218006
d927,1.18,162073.89342741988,1.18,80655.42733445692
d928,1.18,177375.96469683136,1.18,80733.4800135006
d929,1.18,158371.46312976567,1.18,72749.82533469469
d930,1.33,148701.2537862708,1.33,72581.74886188033
d931,1.25,117578.24162130244,1.25,60830.490793742014
d932,0.01,0.0,0.01,0.0
d933,1.19,199795.05011793907,1.19,102831.18898133491
d934,1.1500000000000001,104310.54489426212,1.1500000000000001,54734.119876815435
d935,1.19,106758.83185831567,1.19,53156.31768762695
d936,1.2,97382.35482386968,1.2,48199.8346301384
d937,1.22,121592.70310785792,1.22,61899.33270250831
d938,1.22,104385.30242685093,1.22,51980.383109375594
d939,1.21,100312.04148678732,1.21,52099.04003252023
d940,1.23,146860.29054940646,1.23,73918.60641881554
d941,1.22,135675.31130162708,1.22,69269.76127223686
d942,1.26,95146.99914640142,1.26,48709.831654062094
d943,1.17,204133.00514984567,1.17,104998.33585917819
d944,1.1400000000000001,155571.5077453489,1.1400000000000001,80606.45835235991
d945,1.11,107365.15141549753,1.11,54564.26622470013
d946,1.11,125226.67672397061,1.11,63945.70070275141
d947,1.06,89431.60709885179,1.06,44716.7082262295
d948,1.12,130861.65641507716,1.12,66786.15859122793
d949,1.1,222344.96190955554,1.1,111527.21919276252
d950,1.1300000000000001,188374.7846963118,1.1300000000000001,95158.88083515098
d951,1.1,232624.515286915,1.1,115257.20357258484
d952,1.29,169077.13751801866,1.29,86589.14686346763
d953,1.23,184964.56203594684,1.23,95904.68199057024
d954,1.25,158416.20992283573,1.25,83254.49469166547
d955,1.23,122653.19781764239,1.23,61763.08058290163
d956,1.21,358236.1398468759,1.21,184123.66556573685
d957,1.27,133346.12546339238,1.27,66152.312981106
d958,1.24,155394.16065559842,1.24,78924.9843136422
d959,1.2,109083.24115029488,1.2,53049.604754714936
d960,1.26,210676.33324749192,1.26,108602.07386236565
d961,1.21,316408.66603239864,1.21,160993.29595966058
d962,1.22,281803.99654603854,1.22,144584.98200008227
d963,1.1500000000000001,237963.17003796226,1.1500000000000001,125751.57547484711
d964,1.2,106226.74336824965,1.2,54414.58916213951
d965,1.23,175794.57263638414,1.23,88212.59469985141
d966,1.1300000000000001,111018.38032696898,1.1300000000000001,54867.08152071243
d967,1.28,118073.96877930802,1.26,61111.78613007404
d968,1.08,385197.5061320361,1.08,200288.58052155375
d969,1.07,236880.2809684091,1.07,120899.90773521546
d970,1.1500000000000001,155468.20024528823,1.1500000000000001,81329.39511110101
d971,1.12,136940.76718204544,1.12,70438.7284348196
d972,1.17,228145.85716809458,1.17,120831.15372915815
d973,1.16,191980.50952115055,1.16,96951.75106477423
d974,1.1300000000000001,215171.35234269878,1.1300000000000001,108546.72348920445
d975,1.18,199284.77222225556,1.18,99452.58362310477
d976,1.18,217919.7104860234,1.18,112736.35481754408
d977,1.19,232987.82388141198,1.19,114643.36410268137
d978,1.17,199905.4447166895,1.17,92404.12646653877
d979,1.25,148892.73889936673,1.25,76910.50617033541
d980,1.19,168570.6066600339,1.19,84888.18066585604
d981,1.22,166190.08242800817,1.22,84352.31809414513
d982,1.2,182007.0302803282,1.2,90493.39891401003
d983,1.23,270462.5772441324,1.23,139555.90693455018
d984,1.21,191672.76536470777,1.21,95425.90833420807
d985,1.2,121622.08877665378,1.26,62582.1305274661
d986,1.26,184373.37382080863,1.26,92671.54373934127
d987,1.24,160977.24413456625,1.24,80977.7049063377
d988,1.05,145910.95867247335,1.05,75866.8038826273
d989,1.07,90250.32369891333,1.07,45897.89005103011
d990,0.01,0.0,0.01,0.0
d991,1.08,106902.19896172229,1.08,50318.98550648866
d992,1.07,245268.08519904863,1.07,124808.2307278543
d993,1.08,338306.688839135,1.08,170657.11463542905
d994,1.06,225154.07179130198,1.06,108592.67487750833
d995,1.05,279802.8383867843,1.05,144778.00139692755
d996,1.3,113254.45838339574,1.27,53167.29313749216
d997,1.27,127671.82230238819,1.27,63963.48599707328
d998,1.24,187469.876778537,1.24,97066.80858668791
d999,1.2,144769.54348138234,1.2,69043.6385644864
